{"cameraMode":{"drawMode":0,"name":"Shaded","section":"Shading Mode"},"sceneLighting":false,"audioPlay":false,"sceneViewState":{"showFog":true,"showMaterialUpdate":false,"showSkybox":false,"showFlares":true,"showImageEffects":true,"showParticleSystems":true,"showVisualEffectGraphs":true,"m_FxEnabled":true},"in2DMode":false,"pivot":{"x":0.07000000029802323,"y":0.4000000059604645,"z":1.2000000476837159},"rotation":{"x":0.12173141539096832,"y":-0.7815684676170349,"z":0.16119849681854249,"w":0.5902106165885925},"size":0.31552407145500185,"orthographic":true}